News Site,Text lenght,Gaza,Palestine,Israel,Hamas,Netanyahu,Terrorism,Migration,Attacks,Hostages,Killed,Air Strike,Biden
CNN,7513.733333,14.96666667,0.466666667,20.96666667,8.266666667,0.866666667,0.1,0,4.466666667,1.966666667,2.666666667,0,3.133333333
BBC,6051.733333,10.4,0.9,17.56666667,8.966666667,0.633333333,0.066666667,0.033333333,4.333333333,2.366666667,2.733333333,0.7,0.933333333
Fox News,5328.033333,5.033333333,0.233333333,14.3,8.333333333,0.8,0.366666667,0.066666667,4.833333333,1.4,1.133333333,0.2,4.5
